"","TP","TN","FP","FN","Sensitivity","Specificity","MCC"
"casebase.lambda.min",5,979,1,15,0.25,0.998979591836735,0.451359896198056
"cox.lambda.min",14,934,46,6,0.7,0.953061224489796,0.384983735344694
"cens.prop",0.4375,0.2875,0.275,0,0,0,0
