"","TP","TN","FP","FN","Sensitivity","Specificity","MCC"
"casebase.lambda.min",17,813,167,3,0.85,0.829591836734694,0.245539969903666
"cox.lambda.min",12,931,49,8,0.6,0.95,0.321731076080218
"cens.prop",0.435,0.2575,0.3075,0,0,0,0
