"","TP","TN","FP","FN","Sensitivity","Specificity","MCC"
"casebase.lambda.min",18,884,96,2,0.9,0.902040816326531,0.353309422103557
"cox.lambda.min",12,941,39,8,0.6,0.960204081632653,0.356497189334733
"cens.prop",0.485,0.25,0.265,0,0,0,0
