"","TP","TN","FP","FN","Sensitivity","Specificity","MCC"
"casebase.lambda.min",1,14,4,1,0.5,0.777777777777778,0.192450089729875
"casebase.lambda.1se",0,18,0,2,0,1,NA
"casebase.lambda.0.5se",0,18,0,2,0,1,NA
"casebase.lambda.min0.5se",1,12,6,1,0.5,0.666666666666667,0.104828483672192
"casebase.lambda.min1se",1,7,11,1,0.5,0.388888888888889,-0.0680413817439772
"cox",1,8,10,1,0.5,0.444444444444444,-0.0335012605086404
