"","TP","TN","FP","FN","Sensitivity","Specificity","MCC"
"casebase.lambda.min",1,14,4,1,0.5,0.777777777777778,0.192450089729875
"casebase.lambda.1se",0,18,0,2,0,1,NA
"casebase.lambda.0.5se",0,18,0,2,0,1,NA
"casebase.lambda.min0.5se",1,14,4,1,0.5,0.777777777777778,0.192450089729875
"casebase.lambda.min1se",2,14,4,0,1,0.777777777777778,0.509175077217316
"cox",2,12,6,0,1,0.666666666666667,0.408248290463863
