"","TP","TN","FP","FN","Sensitivity","Specificity","MCC"
"casebase.lambda.min",1,18,0,1,0.5,1,0.688247201611685
"casebase.lambda.1se",0,18,0,2,0,1,NA
"casebase.lambda.0.5se",0,18,0,2,0,1,NA
"casebase.lambda.min0.5se",2,17,1,0,1,0.944444444444444,0.793492047615872
"casebase.lambda.min1se",2,14,4,0,1,0.777777777777778,0.509175077217316
"cox",2,6,12,0,1,0.333333333333333,0.218217890235992
