"","TP","TN","FP","FN","Sensitivity","Specificity","MCC"
"casebase.lambda.min",1,17,1,1,0.5,0.944444444444444,0.444444444444444
"casebase.lambda.1se",0,18,0,2,0,1,NA
"casebase.lambda.0.5se",0,18,0,2,0,1,NA
"casebase.lambda.min0.5se",2,17,1,0,1,0.944444444444444,0.793492047615872
"casebase.lambda.min1se",2,16,2,0,1,0.888888888888889,0.666666666666667
"cox",2,9,9,0,1,0.5,0.301511344577764
