"","TP","TN","FP","FN","Sensitivity","Specificity","MCC"
"casebase.lambda.min",1,18,0,1,0.5,1,0.688247201611685
"casebase.lambda.1se",0,18,0,2,0,1,NA
"casebase.lambda.0.5se",0,18,0,2,0,1,NA
"casebase.lambda.min0.5se",1,13,5,1,0.5,0.722222222222222,0.145478593490662
"casebase.lambda.min1se",1,14,4,1,0.5,0.777777777777778,0.192450089729875
"cox",1,8,10,1,0.5,0.444444444444444,-0.0335012605086404
