"","TP","TN","FP","FN","Sensitivity","Specificity","MCC"
"casebase.lambda.min",1,17,1,1,0.5,0.944444444444444,0.444444444444444
"casebase.lambda.1se",0,18,0,2,0,1,NA
"casebase.lambda.0.5se",0,18,0,2,0,1,NA
"casebase.lambda.min0.5se",2,13,5,0,1,0.722222222222222,0.454256762579498
"casebase.lambda.min1se",2,11,7,0,1,0.611111111111111,0.368513865595044
"cox",2,11,7,0,1,0.611111111111111,0.368513865595044
