"","TP","TN","FP","FN","Sensitivity","Specificity","MCC"
"casebase.lambda.min",1,17,1,1,0.5,0.944444444444444,0.444444444444444
"casebase.lambda.1se",0,18,0,2,0,1,NA
"casebase.lambda.0.5se",0,18,0,2,0,1,NA
"casebase.lambda.min0.5se",2,11,7,0,1,0.611111111111111,0.368513865595044
"casebase.lambda.min1se",2,9,9,0,1,0.5,0.301511344577764
"cox",1,7,11,1,0.5,0.388888888888889,-0.0680413817439772
