"","TP","TN","FP","FN","Sensitivity","Specificity","MCC"
"casebase.lambda.min",2,14,1,3,0.4,0.933333333333333,0.404226041727222
"casebase.lambda.1se",0,15,0,5,0,1,NA
"casebase.lambda.0.5se",0,15,0,5,0,1,NA
"casebase.lambda.min0.5se",2,14,1,3,0.4,0.933333333333333,0.404226041727222
"casebase.lambda.min1se",3,11,4,2,0.6,0.733333333333333,0.302613766334401
"cox",2,11,4,3,0.4,0.733333333333333,0.125988157669742
