"","TP","TN","FP","FN","Sensitivity","Specificity","MCC"
"casebase.lambda.min",1,14,1,4,0.2,0.933333333333333,0.192450089729875
"casebase.lambda.1se",0,15,0,5,0,1,NA
"casebase.lambda.0.5se",0,15,0,5,0,1,NA
"casebase.lambda.min0.5se",3,13,2,2,0.6,0.866666666666667,0.466666666666667
"casebase.lambda.min1se",3,10,5,2,0.6,0.666666666666667,0.235702260395516
"cox",4,11,4,1,0.8,0.733333333333333,0.471404520791032
