"","TP","TN","FP","FN","Sensitivity","Specificity","MCC"
"casebase.lambda.min",0,14,1,5,0,0.933333333333333,-0.132453235706504
"casebase.lambda.1se",0,15,0,5,0,1,NA
"casebase.lambda.0.5se",0,15,0,5,0,1,NA
"casebase.lambda.min0.5se",1,11,4,4,0.2,0.733333333333333,-0.0666666666666667
"casebase.lambda.min1se",2,11,4,3,0.4,0.733333333333333,0.125988157669742
"cox",4,4,11,1,0.8,0.266666666666667,0.0666666666666667
