"","TP","TN","FP","FN","Sensitivity","Specificity","MCC"
"casebase.lambda.min",0,14,1,5,0,0.933333333333333,-0.132453235706504
"casebase.lambda.1se",0,15,0,5,0,1,NA
"casebase.lambda.0.5se",0,15,0,5,0,1,NA
"casebase.lambda.min0.5se",2,13,2,3,0.4,0.866666666666667,0.288675134594813
"casebase.lambda.min1se",3,13,2,2,0.6,0.866666666666667,0.466666666666667
"cox",2,10,5,3,0.4,0.666666666666667,0.0605227532668802
