"","TP","TN","FP","FN","Sensitivity","Specificity","MCC"
"casebase.lambda.min",12,974,6,8,0.6,0.993877551020408,0.625364102763326
"cox.lambda.min",14,929,51,6,0.7,0.947959183673469,0.367970668278515
"cens.prop",0.325,0.4225,0.2525,0,0,0,0
