"","TP","TN","FP","FN","Sensitivity","Specificity","MCC"
"casebase.lambda.min",17,809,171,3,0.85,0.825510204081633,0.242048842515387
"cox.lambda.min",17,932,48,3,0.85,0.951020408163265,0.454892873383676
"cens.prop",0.365,0.385,0.25,0,0,0,0
