"","TP","TN","FP","FN","Sensitivity","Specificity","MCC"
"casebase.lambda.min",20,100,880,0,1,0.102040816326531,0.0476190476190476
"cox.lambda.min",11,937,43,9,0.55,0.956122448979592,0.313502629890645
"cens.prop",0.5275,0.29,0.1825,0,0,0,0
