"","TP","TN","FP","FN","Sensitivity","Specificity","MCC"
"casebase.lambda.min",1,15,0,4,0.2,1,0.397359707119513
"casebase.lambda.1se",0,15,0,5,0,1,NA
"casebase.lambda.0.5se",0,15,0,5,0,1,NA
"casebase.lambda.min0.5se",1,11,4,4,0.2,0.733333333333333,-0.0666666666666667
"casebase.lambda.min1se",1,10,5,4,0.2,0.666666666666667,-0.125988157669742
"cox",1,10,5,4,0.2,0.666666666666667,-0.125988157669742
