"","TP","TN","FP","FN","Sensitivity","Specificity","MCC"
"casebase.lambda.min",1,14,1,4,0.2,0.933333333333333,0.192450089729875
"casebase.lambda.1se",0,15,0,5,0,1,NA
"casebase.lambda.0.5se",0,15,0,5,0,1,NA
"casebase.lambda.min0.5se",1,11,4,4,0.2,0.733333333333333,-0.0666666666666667
"casebase.lambda.min1se",2,10,5,3,0.4,0.666666666666667,0.0605227532668802
"cox",3,10,5,2,0.6,0.666666666666667,0.235702260395516
