"","TP","TN","FP","FN","Sensitivity","Specificity","MCC"
"casebase.lambda.min",1,15,0,4,0.2,1,0.397359707119513
"casebase.lambda.1se",0,15,0,5,0,1,NA
"casebase.lambda.0.5se",0,15,0,5,0,1,NA
"casebase.lambda.min0.5se",2,11,4,3,0.4,0.733333333333333,0.125988157669742
"casebase.lambda.min1se",2,8,7,3,0.4,0.533333333333333,-0.0580258853185659
"cox",4,7,8,1,0.8,0.466666666666667,0.235702260395516
