"","TP","TN","FP","FN","Sensitivity","Specificity","MCC"
"casebase.lambda.min",1,14,1,4,0.2,0.933333333333333,0.192450089729875
"casebase.lambda.1se",0,15,0,5,0,1,NA
"casebase.lambda.0.5se",0,15,0,5,0,1,NA
"casebase.lambda.min0.5se",1,13,2,4,0.2,0.866666666666667,0.0808452083454443
"casebase.lambda.min1se",1,10,5,4,0.2,0.666666666666667,-0.125988157669742
"cox",2,6,9,3,0.4,0.4,-0.174077655955698
