"","TP","TN","FP","FN","Sensitivity","Specificity","MCC"
"casebase.lambda.min",3,14,1,2,0.6,0.933333333333333,0.577350269189626
"casebase.lambda.1se",0,15,0,5,0,1,NA
"casebase.lambda.0.5se",0,15,0,5,0,1,NA
"casebase.lambda.min0.5se",4,13,2,1,0.8,0.866666666666667,0.629940788348712
"casebase.lambda.min1se",4,10,5,1,0.8,0.666666666666667,0.406181197229962
"cox",4,13,2,1,0.8,0.866666666666667,0.629940788348712
